job_title,company_name,company_size,location,salary_min,salary_max,salary_currency,experience_required,skills,job_type,job_level,posted_date,deadline,job_description,benefits,source
Sale Kỹ thuật (Nghỉ T7 CN),Công ty Cổ phần Zodiac Clarity,,Hanoi,15000000.0,20000000.0,VND,,[],,,2026-05-28,2026-06-30,,Laptop; Insurance; Travel,careerviet
Chuyên Viên Quản Lý Hồ Sơ Thầu,AI Education,,Ho Chi Minh City,,,VND,,[],,,2026-05-28,2026-06-11,,Insurance; Travel; Bonus,careerviet
Compliance Specialist,CÔNG TY TNHH GALAXY DIGITAL HOLDINGS,,Ho Chi Minh City,,,VND,,[],,,2026-05-28,2026-06-22,,Laptop; Insurance; Allowance,careerviet
Senior Data Tester - Data and Digital Transformation Division (DTO),Ngân Hàng TMCP Quốc Dân (NCB),,Hanoi,,,VND,,[],,,2026-05-28,2026-06-19,,Laptop; Insurance; Travel,careerviet
Senior Data Engineer,Ngân Hàng TMCP Quốc Dân (NCB),,Hanoi,,,VND,,[],,,2026-05-28,2026-06-19,,Laptop; Insurance; Travel,careerviet
Senior Talent Acquisition Specialist,CÔNG TY CỔ PHẦN CÔNG NGHỆ CITEK,,Ho Chi Minh City,,,VND,,[],,,2026-05-28,2026-06-13,,Laptop; Insurance; Travel,careerviet
Lead Data Analyst (Trưởng Nhóm Phân Tích Dữ Liệu),CÔNG TY TNHH MTV STRIDE,,Ho Chi Minh City,30000000.0,40000000.0,VND,,[],,,2026-05-28,2026-06-30,,Insurance; Travel; Bonus,careerviet
Chuyên viên An ninh thông tin – Chính sách và tuân thủ an ninh thông tin,Công ty TNHH Chứng khoán Ngân hàng TMCP Ngoại thương Việt Nam (VCBS - Vietcombank Securities),,Hanoi,,,VND,,[],,,2026-05-28,2026-06-16,,Laptop; Insurance; Travel,careerviet
Chuyên viên Quản trị hệ thống phần mềm,Công ty TNHH Chứng khoán Ngân hàng TMCP Ngoại thương Việt Nam (VCBS - Vietcombank Securities),,Hanoi,,,VND,,[],,,2026-05-28,2026-06-16,,Laptop; Insurance; Travel,careerviet
Kiến trúc sư phần mềm,Công ty TNHH Chứng khoán Ngân hàng TMCP Ngoại thương Việt Nam (VCBS - Vietcombank Securities),,Hanoi,,,VND,,[],,,2026-05-28,2026-06-16,,Laptop; Insurance; Travel,careerviet
Head of Database Administration Section (Trưởng Bộ Phận),Indovina Bank Ltd.,,Ho Chi Minh City,30000000.0,40000000.0,VND,,[],,,2026-05-28,2026-06-23,,Insurance; Travel; Allowance,careerviet
IT Application Executive(Mới),Công Ty Cổ Phần Thời Trang & Mỹ Phẩm Duy Anh (DAFC),,Ho Chi Minh City,,,VND,,[],,,2026-05-27,2026-07-11,,Laptop; Insurance; Allowance,careerviet
SOFTWARE TESTER(Mới),CÔNG TY CỔ PHẦN GIẢI PHÁP GENE - GENE SOLUTIONS,,Ho Chi Minh City,,,VND,,[],,,2026-05-27,2026-06-15,,Laptop; Insurance; Travel,careerviet
Trưởng Phòng Kỹ Thuật (Công Nghệ Thông Tin)(Mới),CÔNG TY TNHH PHÁT TRIỂN CÔNG NGHỆ MIỀN NAM,,Ho Chi Minh City,,,VND,,[],,,2026-05-27,2026-06-28,,Laptop; Insurance; Travel,careerviet
Chuyên viên chính/Chuyên viên cao cấp Phân tích nghiệp vụ FM - TNTech - 4Z035(Mới),Tập đoàn ROX (ROX Group),,Hanoi,,,VND,,[],,,2026-05-27,2026-06-24,,Laptop; Travel; Allowance,careerviet
Software Engineer,CÔNG TY TNHH SKYLAB INNOGRAM VIỆT NAM,,Ho Chi Minh City,,,VND,,[],,,2026-05-27,2026-06-12,,Laptop; Insurance; Travel,careerviet
Digital Product Director - Giám đốc phát triển sản phẩm số,Tập đoàn Giáo dục Đại Trường Phát,,Ho Chi Minh City,,,VND,,[],,,2026-05-26,2026-06-30,,Laptop; Insurance; Travel,careerviet
[I1] CHUYÊN VIÊN PHÁT TRIỂN PHẦN MỀM (DEVELOPER NODEJS),BellSystem24 Việt Nam,,Hanoi,14000000.0,17000000.0,VND,,[],,,2026-05-26,2026-07-01,,Insurance; Travel; Bonus,careerviet
Chuyên viên cao cấp/Chuyên gia Scrum Master - SI - MSB - 3I134,Ngân hàng Thương mại Cổ phần Hàng Hải Việt Nam (MSB),,Hanoi,,,VND,,"['Scrum', 'Scrum Master']",,,2026-05-26,2026-06-18,,Laptop; Insurance; Travel,careerviet
Chuyên viên Quản trị Dự án,Công ty Cổ phần Casla,,Hanoi,,,VND,,[],,,2026-05-26,2026-06-30,,Insurance; Travel; Allowance,careerviet
Giảng viên Phân tích Dữ liệu Cơ bản (Data Analytics Essentials Lecturer)(Mới),Chương trình Học viện Công nghệ BKACAD,,Hanoi,25000000.0,35000000.0,VND,,[],,,2026-05-26,2026-06-30,,Insurance; Travel; Bonus,careerviet
IT Staff (System/ Network Administrator)(Mới),"DP Systems Electronic Mechanical Technology Vietnam Co., Ltd",,Binh Duong,,,VND,,[],,,2026-05-26,2026-06-30,,Laptop; Allowance; Bonus,careerviet
Chuyên Viên Quản Lý Hệ Thống Xử Lý Tín Dụng Qua Điện Thoại,FE CREDIT,,Ho Chi Minh City,,,VND,,[],,,2026-05-25,2026-06-24,,Insurance; Travel; Bonus,careerviet
Project Manager (Super App Project) - DTO,Ngân Hàng TMCP Quốc Dân (NCB),,Hanoi,,,VND,,[],,,2026-05-25,2026-06-24,,Laptop; Insurance; Travel,careerviet
Trưởng nhóm Hệ thống dữ liệu (Leader DA),CÔNG TY CỔ PHẦN PHÁT TRIỂN DỊCH VỤ VÀ THƯƠNG MẠI QUỐC AN,,Hanoi,18000000.0,25000000.0,VND,,[],,,2026-05-25,2026-06-19,,Insurance; Travel; Bonus,careerviet
Chuyên Viên Tích Hợp Nền Tảng Dữ Liệu,NGÂN HÀNG TMCP NGOẠI THƯƠNG VIỆT NAM (VIETCOMBANK),,Hanoi,,,VND,,[],,,2026-05-25,,,,careerviet
Sales Manager (Giải Pháp CNTT/Hạ tầng Viễn thông) (B2B),CÔNG TY CP CÔNG NGHỆ QI,,Ho Chi Minh City,20000000.0,30000000.0,VND,,[],,,2026-05-25,2026-07-31,,Laptop; Insurance; Travel,careerviet
Cloud Administrator(Mới),"Un-Available LTD Co.,",,Ho Chi Minh City,,,VND,,[],,,2026-05-25,2026-06-25,,Laptop; Insurance; Allowance,careerviet
Senior Application Security,Dai-ichi Life Việt Nam,,Ho Chi Minh City,,,VND,,['Security'],,,2026-05-24,2026-06-23,,Laptop; Insurance; Travel,careerviet
IT Senior Machine Learning Engineer (AI/ML),Dai-ichi Life Việt Nam,,Ho Chi Minh City,,,VND,,"['Machine Learning', 'AI']",,,2026-05-24,2026-06-23,,Laptop; Insurance; Travel,careerviet
"Chuyên viên hỗ trợ vận hành và phát triển hệ thống SAP (ERP), phân hệ tài chính kế toán (FICO)",Tổng công ty Cổ phần Bia - Rượu - Nước giải khát Hà Nội (HABECO - Bia Hà Nội),,Hanoi,15000000.0,25000000.0,VND,,"['SAP', 'ERP']",,,2026-05-24,2026-06-25,,Laptop; Insurance; Travel,careerviet
Chuyên viên Vận hành Hệ thống Thẻ / ATM / POS_HO,NGÂN HÀNG TRÁCH NHIỆM HỮU HẠN MỘT THÀNH VIÊN VIỆT NAM HIỆN ĐẠI,,Hanoi,,,VND,,[],,,2026-05-23,2026-06-22,,Insurance; Travel; Allowance,careerviet
"Data Engineer & Dashboard (Bến Lức, Long An - có xe đưa đón)",Công ty TNHH Japfa Comfeed Việt Nam,,Long An,10000000.0,25000000.0,VND,,[],,,2026-05-23,2026-06-22,,Laptop; Insurance; Travel,careerviet
Senior Data Analyst,"Rochdale Spears Co., Ltd.",,Binh Duong,,,VND,,[],,,2026-05-23,2026-06-22,,Laptop; Insurance; Shuttle Bus,careerviet
Chuyên viên Thiết kế giải pháp và quản lý kênh số,NGÂN HÀNG TMCP NGOẠI THƯƠNG VIỆT NAM (VIETCOMBANK),,Hanoi,,,VND,,[],,,2026-05-22,2026-06-21,,,careerviet
Nhân viên Phân tích nghiệp vụ,Công Ty Cổ Phần Giải Pháp Thanh Toán Việt Nam (VNPAY),,Hanoi,,,VND,,[],,,2026-05-22,2026-06-30,,Laptop; Insurance; Travel,careerviet
"Project Manager - Quản Lý Dự Án (Payment, Banking)",Công ty Cố phần giải pháp công nghệ ITE,,Hanoi,25000000.0,30000000.0,VND,,[],,,2026-05-22,2026-06-22,,Insurance; Travel; Bonus,careerviet
Product Development Executive (E-commerce),CÔNG TY CỔ PHẦN DƯỢC PHẨM FPT LONG CHÂU,,Ho Chi Minh City,,,VND,,[],,,,2026-05-22,,Insurance; Travel; Bonus,careerviet
Senior AI Engineer (Computer Vision/NLP/LLM) - Khối Công nghệ thông tin (2026TD450878),Ngân Hàng TMCP Quân Đội,,Hanoi,,,VND,,"['AI', 'NLP']",,,2026-05-21,2026-06-15,,Laptop; Insurance; Travel,careerviet
IT Specialist (Strong at Network),CÔNG TY TNHH CÔNG NGHỆ HUAWEI VIỆT NAM,,Hanoi,,,VND,,[],,,2026-05-21,2026-06-17,,Laptop; Insurance; Travel,careerviet
Agentic Engineer (Python/Go/C/C++ Backend & AI Agents) - Khối Công nghệ thông tin (2026TD450887),Ngân Hàng TMCP Quân Đội,,Hanoi,,,VND,,"['Python', 'Go', 'AI']",,,2026-05-21,2026-06-15,,Laptop; Insurance; Travel,careerviet
Senior Business Intelligence Executive,Concung.com - Con Cung Joint Stock Company,,Ho Chi Minh City,,,VND,,['Business Intelligence'],,,2026-05-21,2026-06-15,,Insurance; Travel; Bonus,careerviet
AI Expert - Khối Công nghệ thông tin (2026TD450200),Ngân Hàng TMCP Quân Đội,,Hanoi,,,VND,,['AI'],,,2026-05-21,2026-06-15,,Laptop; Insurance; Travel,careerviet
AI Engineer (Computer Vision/ NLP/ LLM) - Khối Công Nghệ Thông Tin (2026TD450582),Ngân Hàng TMCP Quân Đội,,Hanoi,,,VND,,"['AI', 'NLP']",,,2026-05-21,2026-06-15,,Laptop; Insurance; Travel,careerviet
Senior AI Expert - Khối Công nghệ thông tin (2026TD450201),Ngân Hàng TMCP Quân Đội,,Hanoi,,,VND,,['AI'],,,2026-05-21,2026-06-15,,Laptop; Insurance; Travel,careerviet
MB Trainee - AI Engineer (Fresher) - Khối Công Nghệ Thông Tin (2025TD924),Ngân Hàng TMCP Quân Đội,,Hanoi,,,VND,,['AI'],,,2026-05-21,2026-06-15,,Laptop; Insurance; Travel,careerviet
AI Software Engineer (Python/Go/C/C++ Backend & AI Agents) - Khối Công nghệ thông tin (2026TD450888),Ngân Hàng TMCP Quân Đội,,Hanoi,,,VND,,"['Python', 'Go', 'AI']",,,2026-05-21,2026-06-15,,Laptop; Insurance; Travel,careerviet
[HỘI SỞ]Chuyên viên/CVC/CV Cao cấp Phát triển sản phẩm (Cash Loan/BNPL),Ngân Hàng TMCP Tiên Phong (TPBank),,Hanoi,18000000.0,40000000.0,VND,,[],,,2026-05-20,2026-06-19,,Insurance; Travel; Allowance,careerviet
[Hà Nội] Tập sự tiềm năng – AI Engineer (AIE),Ngân Hàng TMCP Tiên Phong (TPBank),,Hanoi,10000000.0,15000000.0,VND,,['AI'],,,2026-05-19,2026-06-18,,Insurance; Travel; Allowance,careerviet
KỸ SƯ AI FULL-STACK hoặc PRODUCT DESIGNER - KIỂU MAKER,CÔNG TY TNHH CÔNG NGHỆ HAIPER-X,,Ho Chi Minh City,35000000.0,70000000.0,VND,,['AI'],,,2026-05-19,2026-06-30,,Insurance; Allowance; Overseas Travel,careerviet
Kỹ Sư Hệ Thống/ System Engineer,Công ty Cổ phần Viễn thông - Tin học Bưu điện,,Hanoi,,35000000.0,VND,,[],,,2026-05-17,2026-06-16,,Insurance; Travel; Bonus,careerviet
Senior Data Engineer - TNTech - 3K040,Tập đoàn ROX (ROX Group),,Hanoi,30000000.0,50000000.0,VND,,[],,,2026-05-17,2026-06-16,,Laptop; Insurance; Travel,careerviet
Giám đốc Trung tâm Trí tuệ nhân tạo (AI),Công ty Cổ phần Tập đoàn Meey Land,,Hanoi,70000000.0,90000000.0,VND,,['AI'],,,2026-05-15,2026-06-14,,Insurance; Allowance; Bonus,careerviet
Nhân Viên Kinh Doanh B2B,Công ty Cổ phần IPOS.vn,,"Hanoi, Bac Ninh",15000000.0,30000000.0,VND,,[],,,2026-05-15,2026-06-15,,Laptop; Insurance; Travel,careerviet
Chuyên viên Mua sắm phụ trách kỹ thuật có chuyên môn về CNTT,NGÂN HÀNG TMCP NGOẠI THƯƠNG VIỆT NAM (VIETCOMBANK),,Hanoi,,,VND,,[],,,2026-05-14,2026-06-13,,,careerviet
Senior DevOps Engineer,,,Ho Chi Minh City,50000000.0,87500000.0,VND,,['DevOps'],,,2026-05-14,2026-06-13,,Laptop; Travel; Allowance,careerviet
Kỹ sư triển khai hệ thống – Senior,CÔNG TY CỔ PHẦN CÔNG NGHỆ 3S TOÀN CẦU,,Hanoi,,,VND,,[],,,2026-05-13,2026-06-12,,Insurance; Travel; Uniform,careerviet
Chuyên Viên Kinh Doanh Phần Mềm,CÔNG TY TNHH SORIMACHI VIỆT NAM,,"Ho Chi Minh City, Hanoi",,,VND,,[],,,2026-05-13,2026-06-06,,Insurance; Travel; Bonus,careerviet
Academic Coordinator (Chuyên viên điều phối học vụ),CÔNG TY CỔ PHẦN CÔNG NGHỆ DOCCEN,,"Ho Chi Minh City, Hanoi",,,VND,,[],,,2026-05-12,2026-06-11,,Insurance; Travel; Bonus,careerviet
Solution Sales Engineer (Optical/IT product),CÔNG TY TNHH CÔNG NGHỆ HUAWEI VIỆT NAM,,Ho Chi Minh City,18000000.0,50000000.0,VND,,[],,,2026-05-11,,,Laptop; Insurance; Travel,careerviet
IT Support (L1),Teamwork Vietnam Ltd,,Ho Chi Minh City,11000000.0,16000000.0,VND,,[],,,2026-05-11,2026-08-31,,Laptop; Insurance; Travel,careerviet
Chuyên Viên Quản Lý Hệ Thống Phần Mềm,Công Ty Cổ Phần Xây Dựng CDC,,Hanoi,,,VND,,[],,,2026-05-10,2026-06-09,,Insurance; Travel; Uniform,careerviet
Trưởng nhóm Kỹ thuật (Tech Lead) – Full-stack Laravel/VueJS,Công Ty Cổ Phần Giải Pháp Cơ Điện MES,,Binh Duong,20000000.0,25000000.0,VND,,['Laravel'],,,2026-05-09,2026-06-08,,Insurance; Travel; Allowance,careerviet
Chuyên viên Chính sách an ninh thông tin (chuyên về An ninh ứng dụng),NGÂN HÀNG TMCP NGOẠI THƯƠNG VIỆT NAM (VIETCOMBANK),,Hanoi,,,VND,,[],,,2026-05-09,2026-06-08,,,careerviet
Chuyên viên Chính sách an ninh thông tin (chuyên về Kiến trúc an ninh thông tin),NGÂN HÀNG TMCP NGOẠI THƯƠNG VIỆT NAM (VIETCOMBANK),,Hanoi,,,VND,,[],,,2026-05-09,2026-06-08,,,careerviet
"Chuyên viên Chính sách an ninh thông tin (chuyên về Chính sách, tuân thủ)",NGÂN HÀNG TMCP NGOẠI THƯƠNG VIỆT NAM (VIETCOMBANK),,Hanoi,,,VND,,[],,,2026-05-09,2026-06-08,,,careerviet
Chuyên Viên Phân Tích Định Lượng - Nhóm Quản Lý Rủi Ro Tín Dụng,NGÂN HÀNG TMCP NGOẠI THƯƠNG VIỆT NAM (VIETCOMBANK),,Hanoi,,,VND,,[],,,2026-05-07,2026-06-06,,,careerviet
"Chuyên Viên Phân Tích Định Lượng - Nhóm Phân Tích Rủi Ro TT, TK và LS Trên Sổ Ngân Hàng",NGÂN HÀNG TMCP NGOẠI THƯƠNG VIỆT NAM (VIETCOMBANK),,Hanoi,,,VND,,[],,,2026-05-07,2026-06-06,,,careerviet
[TT CNTT] - Chuyên viên lập trình - Trung tâm Công nghệ thông tin,Tổng Công Ty Chuyển Phát Nhanh Bưu Điện,,Hanoi,,,VND,,[],,,2026-05-06,,,Laptop; Insurance; Travel,careerviet
Nhân Viên Hành Chính: Gán Nhãn Dữ Liệu Hình Anh AI - Không Yêu Cầu Kinh Nghiệm,CÔNG TY TNHH ALCHERA VIỆT NAM,,Ho Chi Minh City,6800000.0,10000000.0,VND,,['AI'],,,2026-05-04,,,Insurance; Travel; Bonus,careerviet
[TTCNTT] - Chuyên viên phân tích dữ liệu - Trung tâm Công nghệ thông tin,Tổng Công Ty Chuyển Phát Nhanh Bưu Điện,,Hanoi,,,VND,,[],,,2026-05-03,,,Laptop; Insurance; Travel,careerviet
Chuyên viên Kiểm định mô hình rủi ro tín dụng,NGÂN HÀNG TMCP NGOẠI THƯƠNG VIỆT NAM (VIETCOMBANK),,Hanoi,,,VND,,[],,,2026-04-30,,,,careerviet
Chuyên viên Kiểm định mô hình rủi ro thị trường và rủi ro lãi suất trên sổ ngân hàng,NGÂN HÀNG TMCP NGOẠI THƯƠNG VIỆT NAM (VIETCOMBANK),,Hanoi,,,VND,,[],,,2026-04-30,,,,careerviet
SAP SALES EXECUTIVE - HCMC/ HANOI,CÔNG TY CỔ PHẦN CÔNG NGHỆ CITEK,,"Ho Chi Minh City, Hanoi",25000000.0,75000000.0,VND,,['SAP'],,,2026-05-28,2026-06-12,,Laptop; Insurance; Travel,careerviet
Nhân Viên Phân Tích Nghiệp Vụ phần mềm (IT - BA),CÔNG TY TNHH BỆNH VIỆN ĐKTN AN SINH - PHÚC TRƯỜNG MINH,,Hanoi,15000000.0,20000000.0,VND,,[],,,2026-05-27,,,Insurance; Travel; Allowance,careerviet
Scrum Master(Mới),Công ty TNHH Viettel - CHT,,Hanoi,,,VND,,"['Scrum', 'Scrum Master']",,,2026-05-26,2026-06-29,,Insurance; Travel; Bonus,careerviet
"CHUYÊN GIA QUẢN TRỊ RỦI RO KIẾN TRÚC HỆ THỐNG CẤP 2 , PHÒNG QTRR CNTT VÀ NGÂN HÀNG SỐ, KHỐI QTRR",Ngân hàng TMCP Đại Chúng Việt Nam - PVcomBank,,Hanoi,,,VND,,[],,,2026-05-25,2026-06-05,,Insurance; Travel; Allowance,careerviet
"Chuyên gia Quản trị rủi ro dữ liệu cấp 3, Phòng QTRR CNTT và Ngân hàng số, Khối Quản trị rủi ro",Ngân hàng TMCP Đại Chúng Việt Nam - PVcomBank,,Hanoi,,,VND,,[],,,2026-05-25,2026-06-05,,,careerviet
"Chuyên gia quản trị rủi ro kiến trúc giải pháp cấp 2, Phòng Quản trị rủi ro CNTT và Ngân hàng số, Khối QTRR",Ngân hàng TMCP Đại Chúng Việt Nam - PVcomBank,,Hanoi,,,VND,,[],,,2026-05-25,2026-06-05,,Insurance; Travel; Allowance,careerviet
.Net Backend Developer(Mới),"Un-Available LTD Co.,",,Ho Chi Minh City,,,VND,,['.NET'],,,2026-05-25,2026-06-26,,Laptop; Insurance; Allowance,careerviet
Senior Industrial Data Architect & Developer(Mới),CÔNG TY TNHH APVN SEALING,,Ho Chi Minh City,,,VND,,[],,,2026-05-25,2026-06-30,,Laptop; Insurance; Travel,careerviet
Junior Industrial Software Engineer and Developer(Mới),CÔNG TY TNHH APVN SEALING,,Ho Chi Minh City,,,VND,,[],,,2026-05-25,2026-06-30,,Laptop; Insurance; Travel,careerviet
Backend Developer (Lĩnh vực giải pháp giáo dục - Nexta),Công ty Cổ phần Masscom Việt Nam,,Hanoi,15000000.0,22000000.0,VND,,[],,,2026-05-24,2026-06-23,,Insurance; Travel; Allowance,careerviet
Chuyên Viên Cao Cấp Bộ Phận Quản Lý Liên Hệ & Làm Giàu Dữ Liệu,FE CREDIT,,Ho Chi Minh City,,,VND,,[],,,2026-05-23,2026-06-22,,Insurance; Travel; Bonus,careerviet
Chuyên Viên Phát Triển Dự Án Phần Mềm,Tập Đoàn An Phát Holdings,,Hai Duong,13000000.0,17000000.0,VND,,[],,,2026-05-23,2026-06-22,,Insurance; Travel; Bonus,careerviet
Chuyên viên Vận hành hệ thống SAP (Module FICO),BETRIMEX - Công Ty Cổ Phần Xuất Nhập Khẩu Bến Tre,,Ho Chi Minh City,,,VND,,['SAP'],,,2026-05-22,2026-06-21,,Laptop; Insurance; Allowance,careerviet
"Senior Network Engineer (Dau Giay, Đồng Nai - Free Shuttle Bus)",Techtronic Industries Vietnam Manufacturing Company Limited,,Dong Nai,,,VND,,[],,,2026-05-22,2026-06-21,,Laptop; Insurance; Allowance,careerviet
Technical Leader (NodeJS / Golang / PHP),CÔNG TY TNHH TALENTSOURCE,,Ho Chi Minh City,100000000.0,175000000.0,VND,,"['Golang', 'PHP']",,,2026-05-21,2026-06-30,,Laptop; Insurance; Travel,careerviet
Business Development Specialist,Công Ty Cổ phần NDS VIETNAM,,Ho Chi Minh City,20000000.0,30000000.0,VND,,[],,,2026-05-21,2026-06-30,,Laptop; Insurance; Travel,careerviet
"[Hà Nội] Product Director - CPO - Giám Đốc Sản Phẩm (B2B, SaaS - Ecommerce)",Công ty Cổ phần Công nghệ UpBase,,Hanoi,,,VND,,[],,,2026-05-15,2026-06-14,,Insurance; Travel; Bonus,careerviet
Sales B2B (Du lịch - Công nghệ),Công ty Cổ phần Đầu Tư Rovi Holdings,,Ho Chi Minh City,10000000.0,20000000.0,VND,,[],,,2026-05-14,2026-06-13,,Insurance; Travel; Bonus,careerviet
SAP ABAP Intern,Teamwork Vietnam Ltd,,Ho Chi Minh City,,,VND,,['SAP'],Internship,,2026-05-11,2026-08-31,,Laptop; Insurance; Travel,careerviet
IT Business Analyst,Công Ty Cổ Phần Vacxin Việt Nam,,Ho Chi Minh City,,,VND,,[],,,2026-05-04,2026-07-31,,Insurance; Travel; Bonus,careerviet
Chuyên Viên Phát Triển Phần Mềm 1C,Công Ty Cổ Phần Tập Đoàn TH,,Hanoi,20000000.0,35000000.0,VND,,[],,,2026-05-28,2026-06-21,,Laptop; Insurance; Travel,careerviet
IT Executive (Microsoft 365),Công ty Easia Travel,,Hanoi,,,VND,,[],,,2026-05-28,2026-06-16,,Laptop; Insurance; Travel,careerviet
Cloud Engineer,TDCX Malaysia (Teledirect Telecommerce Sdn Bhd),,Kuala Lumpur,60000000.0,80000000.0,VND,,[],,,2026-05-28,2026-06-12,,Laptop; Insurance; Travel,careerviet
Chuyên Viên Tư Vấn Giải Pháp (PreSale),CÔNG TY CỔ PHẦN CÔNG NGHỆ 3S TOÀN CẦU,,Hanoi,,,VND,,[],,,2026-05-28,2026-06-22,,Insurance; Travel; Uniform,careerviet
IT Account Manager (Quản lý Khách hàng),CÔNG TY CỔ PHẦN CÔNG NGHỆ 3S TOÀN CẦU,,Hanoi,,,VND,,[],,,2026-05-28,2026-06-22,,Insurance; Travel; Allowance,careerviet
Nhân Viên Kỹ Thuật (Lĩnh Vực Chiếu Sáng),CÔNG TY CỔ PHẦN VIOT ENERGY EFFICIENCY PLATFORM,,Ho Chi Minh City,,,VND,,[],,,2026-05-28,2026-06-22,,,careerviet
Business Development Executive,Vietmap - Công ty Cổ phần Ứng Dụng Bản Đồ Việt,,Ho Chi Minh City,12000000.0,30000000.0,VND,,[],,,2026-05-28,2026-06-22,,Insurance; Travel; Bonus,careerviet
Chuyên gia Quản trị vận hành,Ngân Hàng TMCP Quốc Dân (NCB),,Hanoi,,,VND,,[],,,2026-05-28,2026-06-19,,Laptop; Insurance; Travel,careerviet
IT System,Mars Group,,Ho Chi Minh City,12000000.0,16000000.0,VND,,[],,,2026-05-28,2026-06-06,,Insurance; Travel; Bonus,careerviet
Senior Business Intelligence (BI) - Mảng Đầu Tư,NGÂN HÀNG TMCP KỸ THƯƠNG VIỆT NAM (TECHCOMBANK),,Hanoi,,,VND,,"['Business Intelligence', 'BI']",,,2026-05-28,2026-06-07,,Insurance; Travel; Bonus,careerviet
Presales Lead,IDC Group,,Hanoi,,,VND,,[],,,2026-05-28,,,Insurance; Travel; Uniform,careerviet
Kiến Trúc Sư,CÔNG TY CỔ PHẦN TƯ VẤN VÀ QUẢN LÝ XÂY DỰNG BTECH SOLUTIONS,,"Ho Chi Minh City, Thừa Thiên- Huế",,,VND,,[],,,2026-05-28,,,Insurance; Travel; Bonus,careerviet
SALES ENGINEER,CÔNG TY CỔ PHẦN PHÁT TRIỂN CÔNG NGHỆ TECHPRO,,"Hanoi, Ho Chi Minh City",15000000.0,30000000.0,VND,,[],,,2026-05-28,2026-06-17,,Laptop; Insurance; Travel,careerviet
Nhân Viên Kinh Doanh Ngành In,CÔNG TY CỔ PHẦN PHÁT TRIỂN CÔNG NGHỆ TECHPRO,,"Ho Chi Minh City, Hanoi",,,VND,,[],,,2026-05-28,2026-06-17,,Insurance; Travel; Allowance,careerviet
AI Transformation Coordinator,Công ty Easia Travel,,Hanoi,,,VND,,['AI'],,,2026-05-28,,,Laptop; Insurance; Travel,careerviet
PMO Kỹ Thuật (Kiêm Presales/BOM/Giải Pháp & Kinh Nghiệm Triển Khai Data Center/Network),Công Ty TNHH Tín Bảo Lan,,Ho Chi Minh City,,,VND,,[],,,2026-05-28,2026-06-22,,Insurance; Travel; Allowance,careerviet
After-Service Technical Consultant Manager,Công Ty TNHH Tín Bảo Lan,,Ho Chi Minh City,,,VND,,[],,,2026-05-28,2026-06-22,,Insurance; Travel; Allowance,careerviet
Chuyên viên cao cấp Cải tiến và Số hóa quy trình,Ngân Hàng TMCP Quốc Dân (NCB),,Hanoi,,,VND,,[],,,2026-05-28,2026-06-19,,Laptop; Insurance; Travel,careerviet
Chuyên viên chính/Chuyên viên cấp cao/Chuyên gia Chính sách Tín dụng và Digital Risk (phục vụ triển khai dự án RLOS) - Khối Quản trị Rủi ro,Ngân Hàng TMCP Quốc Dân (NCB),,Hanoi,,,VND,,[],,,2026-05-28,2026-06-19,,Laptop; Insurance; Travel,careerviet
Chuyên gia chính sách tín dụng và Digital risk (phục vụ triển khai Dự án CLOS),Ngân Hàng TMCP Quốc Dân (NCB),,Hanoi,,,VND,,[],,,2026-05-28,2026-06-19,,Laptop; Insurance; Travel,careerviet
Senior Application Engineer,PCB GraphTech Việt Nam,,Ho Chi Minh City,,,VND,,[],,,2026-05-28,2026-06-19,,Insurance; Travel; Bonus,careerviet
Chuyên Viên Tư Vấn Giải Pháp,CÔNG TY CỔ PHẦN GIẢI PHÁP CÔNG NGHỆ HQG,,"Ho Chi Minh City, Hanoi",,,VND,,[],,,2026-05-28,2026-06-13,,Laptop; Insurance; Travel,careerviet
Chuyên Viên Phân Tích Nghiệp Vụ (BA),CÔNG TY CỔ PHẦN PHÁT TRIỂN BẤT ĐỘNG SẢN VĂN PHÚ,,Hanoi,,,VND,,[],,,2026-05-28,2026-06-08,,Laptop; Insurance; Travel,careerviet
Project Manager,NGÂN HÀNG TMCP KỸ THƯƠNG VIỆT NAM (TECHCOMBANK),,Hanoi,,,VND,,[],,,2026-05-28,2026-06-07,,Insurance; Travel; Bonus,careerviet
Quản Lý Dự Án/ Project Manager,OMN1 Solution,,Ho Chi Minh City,,,VND,,[],,,2026-05-28,2026-06-05,,Insurance; Travel; Bonus,careerviet
Nhân Viên Kinh Doanh,Công Ty Cổ phần Hệ thống Công Nghệ Hoàng Hải,,Ho Chi Minh City,,,VND,,[],,,2026-05-28,2026-06-23,,Insurance; Travel; Bonus,careerviet
Chuyên Viên Tư Vấn Triển Khai Phần Mềm – Senior Software Consultant,OMN1 Solution,,Ho Chi Minh City,12000000.0,25000000.0,VND,,[],,,2026-05-28,2026-06-18,,Laptop; Insurance; Travel,careerviet
Kỹ Sư Lập Trình PLC,CÔNG TY TNHH CRAZIGOODS,,Bac Ninh,,,VND,,[],,,2026-05-28,2026-06-12,,Insurance; Travel; Bonus,careerviet
Hồ Chí Minh / Hà Nội – CVCC Quản lý danh mục rủi ro tín dụng KHCN - ID491,Ngân Hàng TMCP Việt Nam Thịnh Vượng - VPBANK,,"Ho Chi Minh City, Hanoi",,,VND,,[],,,2026-05-28,2026-06-08,,Insurance; Travel; Allowance,careerviet
Hồ Chí Minh – CVCC Data Warehouse - ID2795,Ngân Hàng TMCP Việt Nam Thịnh Vượng - VPBANK,,Ho Chi Minh City,,,VND,,['Data Warehouse'],,,2026-05-28,2026-06-08,,Insurance; Travel; Allowance,careerviet
Hồ Chí Minh – CVCC rủi ro danh mục - ID5462,Ngân Hàng TMCP Việt Nam Thịnh Vượng - VPBANK,,Ho Chi Minh City,,,VND,,[],,,2026-05-28,2026-06-08,,Insurance; Travel; Allowance,careerviet
Hồ Chí Minh – Chuyên gia xây dựng mô hình rủi ro - ID458,Ngân Hàng TMCP Việt Nam Thịnh Vượng - VPBANK,,Ho Chi Minh City,,,VND,,[],,,2026-05-28,2026-06-08,,Insurance; Travel; Allowance,careerviet
Nhân Viên Kinh Doanh,CÔNG TY TNHH TM DV KỸ THUẬT NHÂN VIỆT,,Ho Chi Minh City,8000000.0,15000000.0,VND,,[],,,2026-05-28,2026-06-04,,Insurance; Travel; Bonus,careerviet
Senior Data Management Specialist – Business Analyst (Finance Division) - ID4328,Ngân Hàng TMCP Việt Nam Thịnh Vượng - VPBANK,,Hanoi,,,VND,,[],,,2026-05-28,2026-06-09,,Insurance; Travel; Allowance,careerviet
Senior Product Owner – Investment Solutions,NGÂN HÀNG TMCP KỸ THƯƠNG VIỆT NAM (TECHCOMBANK),,Hanoi,,,VND,,['Product Owner'],,,2026-05-28,2026-06-07,,Insurance; Travel; Bonus,careerviet
Solution Development Expert,NGÂN HÀNG TMCP KỸ THƯƠNG VIỆT NAM (TECHCOMBANK),,Hanoi,,,VND,,[],,,2026-05-28,2026-06-07,,Insurance; Travel; Bonus,careerviet
Technology Risk Management Senior Expert,NGÂN HÀNG TMCP KỸ THƯƠNG VIỆT NAM (TECHCOMBANK),,Hanoi,,,VND,,[],,,2026-05-28,2026-06-06,,Insurance; Travel; Bonus,careerviet
Chuyên Viên Kinh Doanh Phần Mềm,CÔNG TY CỔ PHẦN CÔNG NGHỆ FOXAI,,Hanoi,,100000000.0,VND,,[],,,2026-05-28,,,Laptop; Insurance; Travel,careerviet
Postsale Security Engineer,Công ty Cổ phần Đầu tư Kỹ thuật Số Việt (VDI),,"Hanoi, Ho Chi Minh City",,35000000.0,VND,,['Security'],,,2026-05-28,2026-06-10,,Laptop; Insurance; Travel,careerviet
Presale Security Engineer,Công ty Cổ phần Đầu tư Kỹ thuật Số Việt (VDI),,"Hanoi, Ho Chi Minh City",,45000000.0,VND,,['Security'],,,2026-05-28,2026-06-10,,Laptop; Insurance; Travel,careerviet
Chuyên viên cao cấp Giải pháp giám sát dịch vụ nội bộ - MVHB,Ngân hàng Thương mại Cổ phần Hàng Hải Việt Nam (MSB),,Hanoi,,,VND,,[],,,2026-05-27,2026-06-30,,Insurance; Travel; Uniform,careerviet
Lập Trình viên SAP ABAP,,,Dong Nai,18000000.0,25000000.0,VND,,['SAP'],,,2026-05-27,,,Insurance; Travel; Allowance,careerviet
Kỹ Sư Server (Server Engineer)(Mới),Công Ty TNHH Snet Việt Nam,,Hanoi,,25000000.0,VND,,[],,,2026-05-27,2026-06-26,,Insurance; Travel; Bonus,careerviet
Trưởng Phòng Phát Triển Sản Phẩm (Thiết Bị an ninh ),Công ty TNHH PNK,,Hanoi,30000000.0,40000000.0,VND,,[],,,2026-05-26,2026-06-25,,Laptop; Insurance; Travel,careerviet
Chuyên Viên Triển Khai Phần Mềm,CÔNG TY CỔ PHẦN ĐẦU TƯ THIÊN ÂN,,Hanoi,15000000.0,20000000.0,VND,,[],,,2026-05-26,2026-06-06,,Insurance; Travel; Allowance,careerviet
Chuyên viên Quản lý danh mục CNTT,CÔNG TY TÀI CHÍNH TNHH NGÂN HÀNG TMCP SÀI GÒN - HÀ NỘI (SHBFinance),,Hanoi,,,VND,,[],,,2026-05-26,2026-07-30,,Insurance; Travel; Allowance,careerviet
Nhân Viên Thầu,Công Ty Cổ phần Hệ thống Công Nghệ Hoàng Hải,,Ho Chi Minh City,,,VND,,[],,,2026-05-26,2026-06-19,,Insurance; Travel; Bonus,careerviet
Kỹ Sư IFS,Công Ty TNHH Maruei Vietnam Precision,,Binh Duong,,,VND,,[],,,2026-05-26,2026-06-19,,Insurance; Travel; Allowance,careerviet
"P. Khoa học dữ liệu, Hội sở - Chuyên viên Vận hành mô hình",Ngân Hàng TMCP Phương Đông - OCB,,Ho Chi Minh City,,,VND,,[],,,2026-05-26,2026-07-15,,Laptop; Insurance; Travel,careerviet
Giáo viên tin học(Mới),Công ty TNHH Giáo dục Khai Nguyên,,Ho Chi Minh City,10000000.0,12000000.0,VND,,[],,,2026-05-26,2026-06-30,,Insurance; Travel; Allowance,careerviet
Account Manager ( Junior/Middle/Senior)(Mới),Công ty TNHH Viettel - CHT,,"Ho Chi Minh City, Hanoi, Da Nang",,,VND,,[],,,2026-05-26,2026-06-29,,Insurance; Travel; Bonus,careerviet
CRM Executive - Data Analysis(Mới),Công Ty Cổ Phần Thời Trang & Mỹ Phẩm Duy Anh (DAFC),,Ho Chi Minh City,,,VND,,"['CRM', 'Data Analysis']",,,2026-05-26,2026-07-11,,Laptop; Insurance; Allowance,careerviet
IT Application(Mới),BETRIMEX - Công Ty Cổ Phần Xuất Nhập Khẩu Bến Tre,,Ho Chi Minh City,,,VND,,[],,,2026-05-26,2026-06-26,,Laptop; Insurance; Travel,careerviet
128990 - Kỹ sư chuyển đổi số - ngành Sản xuất,"RGF HR Agent Vietnam Co., LTD",,Vinh Phuc,20000000.0,40000000.0,VND,,[],,,2026-05-25,2026-06-24,,Insurance; Travel; Bonus,careerviet
Trưởng phòng Kinh doanh,CÔNG TY TNHH PHÁT TRIỂN CÔNG NGHỆ MIỀN NAM,,Ho Chi Minh City,,,VND,,[],,,2026-05-25,2026-06-24,,Laptop; Insurance; Travel,careerviet
Chuyên gia Phát triển sản phẩm (Tài chính/ Ngân hàng),CÔNG TY CỔ PHẦN KINH DOANH F88,,Ho Chi Minh City,,,VND,,[],,,2026-05-25,2026-06-30,,Insurance; Travel; Bonus,careerviet
Chuyên viên hỗ trợ SAP cao cấp (FIN/HR),Công Ty Cổ Phần Chuỗi Thực Phẩm TH,,Hanoi,30000000.0,50000000.0,VND,,['SAP'],,,2026-05-25,2026-06-04,,Insurance; Travel; Bonus,careerviet
SOC ENGINEER tại Phú Nhuận,Công Ty Cổ Phần Vacxin Việt Nam,,Ho Chi Minh City,,,VND,,[],,,2026-05-25,2026-09-30,,Insurance; Allowance; Bonus,careerviet
AppSec (DevOps/DevSecOps) Engineer,Concung.com - Con Cung Joint Stock Company,,Ho Chi Minh City,,,VND,,['DevOps'],,,2026-05-25,,,Insurance; Travel; Allowance,careerviet
Senior Business Analyst – Customer Platform,CÔNG TY CỔ PHẦN DƯỢC PHẨM FPT LONG CHÂU,,Ho Chi Minh City,,,VND,,[],,,2026-05-25,2026-06-11,,Insurance; Travel; Bonus,careerviet
Kỹ sư hệ thống (Mới tốt nghiệp),Công ty TNHH PNK,,Hanoi,,,VND,,[],,,2026-05-25,2026-06-12,,Laptop; Insurance; Travel,careerviet
User Experience Assurance/Human-oriented Tester,Công ty TNHH OTANI U.P.,,Hanoi,11500000.0,18500000.0,VND,,[],,,2026-05-25,2026-06-30,,Insurance; Travel; Bonus,careerviet
Trưởng Phòng Kinh Doanh,CÔNG TY CỔ PHẦN GIẢI PHÁP CÔNG NGHỆ HQG,,"Ho Chi Minh City, Hanoi",,,VND,,[],,,2026-05-25,2026-06-11,,Laptop; Insurance; Travel,careerviet
PRODUCT OWNER(Mới),Hệ thống Phòng khám 315,,Ho Chi Minh City,,,VND,,['Product Owner'],,,2026-05-25,2026-06-30,,Laptop; Insurance; Travel,careerviet
QUẢN LÝ DỰ ÁN PHẦN MỀM (PROJECT MANAGER - PM)(Mới),Hệ thống Phòng khám 315,,Ho Chi Minh City,,,VND,,[],,,2026-05-25,2026-06-30,,Laptop; Insurance; Travel,careerviet
Chuyên viên Quản trị hệ thống LMS(Mới),BIM Group,,Hanoi,,,VND,,[],,,2026-05-25,2026-06-26,,Laptop; Insurance; Travel,careerviet
Chuyên viên Chuyển đổi số,Tập Đoàn Tân Á Đại Thành,,Kien Giang,8000000.0,15000000.0,VND,,[],,,2026-05-25,2026-07-31,,Insurance; Travel; Shuttle Bus,careerviet
IT Nhân Viên Vận Hành & Hỗ Trợ Hệ Thống (Tiếng Trung) - Bình Dương,CÔNG TY TNHH POLYTEX FAR EASTERN (VIỆT NAM),,Binh Duong,12000000.0,18000000.0,VND,,[],,,2026-05-24,2026-06-23,,Laptop; Insurance; Travel,careerviet
Senior Credit Risk Management Strategy,FE CREDIT,,Ho Chi Minh City,,,VND,,[],,,2026-05-24,2026-06-15,,Laptop; Insurance; Travel,careerviet
Senior AI Engineer,DIGI-TEXX Vietnam,,Ho Chi Minh City,,,VND,,['AI'],,,2026-05-24,,,Laptop; Insurance; Travel,careerviet
Kiểm toán viên cao cấp/Chuyên gia Kiểm toán Nội bộ - Kiểm toán Công nghệ Thông tin,Ngân Hàng TMCP Tiên Phong (TPBank),,Hanoi,35000000.0,65000000.0,VND,,[],,,,2026-05-24,,Insurance; Travel; Bonus,careerviet
Lập trình viên PHP (PM Quản lý nhân sự),Tổng Công ty Cổ phần Bảo hiểm Ngân hàng Đầu tư và Phát triển Việt Nam (BIC),,Hanoi,20000000.0,40000000.0,VND,,['PHP'],,,2026-05-24,2026-06-16,,Insurance; Travel; Bonus,careerviet
Nhân Viên Dịch Vụ Quản Trị Và Vận Hành Hệ Thống,CÔNG TY CỔ PHẦN DƯỢC PHẨM FPT LONG CHÂU,,Ho Chi Minh City,,,VND,,[],,,2026-05-24,2026-06-18,,Insurance; Travel; Bonus,careerviet
E-Commerce Business Analytics Team Leader,CÔNG TY CỔ PHẦN DƯỢC PHẨM FPT LONG CHÂU,,Ho Chi Minh City,,,VND,,[],,,2026-05-24,,,Insurance; Travel; Bonus,careerviet
Chuyên viên Triển khai giải pháp,NGÂN HÀNG TMCP NGOẠI THƯƠNG VIỆT NAM (VIETCOMBANK),,Hanoi,,,VND,,[],,,2026-05-22,2026-06-21,,,careerviet
Kế Toán Tổng Hợp,CÔNG TY CỔ PHẦN ONEFIN VIỆT NAM,,Ho Chi Minh City,18000000.0,20000000.0,VND,,[],,,2026-05-22,2026-06-21,,Insurance; Travel; Bonus,careerviet
TIPS Suppoter - Testing Information Processing System (Softlines / Textile),Chi nhánh CÔNG TY TNHH INTERTEK VIỆT NAM,,"Ho Chi Minh City, Hanoi",,,VND,,[],,,2026-05-22,2026-06-20,,Insurance; Travel; Allowance,careerviet
Business Development Representative [Đà Nẵng],Công Ty TNHH EVIT,,Da Nang,13000000.0,13000000.0,VND,,[],,,2026-05-21,2026-06-20,,Insurance; Allowance; Bonus,careerviet
129706 - Tiếng Nhật - Phiên dịch IT & Kĩ sư cầu nối,"RGF HR Agent Vietnam Co., LTD",,Hanoi,20000000.0,45000000.0,VND,,[],,,2026-05-21,2026-06-20,,Insurance; Travel; Bonus,careerviet
Sales B2B SaaS – FMCG MarTech,Công ty Cổ phần DGV Digital,,Ho Chi Minh City,,,VND,,[],,,2026-05-21,2026-06-20,,Laptop; Insurance; Travel,careerviet
Chuyên viên Quản trị ứng dụng và khai thác dữ liệu,Công ty TNHH Chứng khoán Ngân hàng TMCP Ngoại thương Việt Nam (VCBS - Vietcombank Securities),,Hanoi,,,VND,,[],,,2026-05-21,2026-06-20,,Laptop; Insurance; Travel,careerviet
Data Engineer - ISC,CÔNG TY CỔ PHẦN DƯỢC PHẨM FPT LONG CHÂU,,Ho Chi Minh City,,,VND,,[],,,2026-05-21,2026-06-09,,Insurance; Travel; Bonus,careerviet
IT Staff – Data & System Support,Công Ty TNHH YKK Việt Nam,,Dong Nai,,,VND,,[],,,2026-05-21,2026-06-14,,Insurance; Travel; Allowance,careerviet
Nhân viên IT,CÔNG TY TNHH THANG MÁY TOSHIBA VIỆT NAM,,Ho Chi Minh City,9000000.0,12000000.0,VND,,[],,,2026-05-21,2026-06-20,,Laptop; Insurance; Travel,careerviet
Sales Manager (ERP software),Công ty TNHH Cadena Việt Nam,,Ho Chi Minh City,,,VND,,['ERP'],,,2026-05-20,2026-06-19,,Laptop; Insurance; Travel,careerviet
Kỹ Sư Hạ Tầng IT,CÔNG TY CỔ PHẦN ĐẦU TƯ CÔNG NGHỆ THIÊN ÂN,,Ho Chi Minh City,,,VND,,[],,,2026-05-19,2026-06-19,,Insurance; Travel; Bonus,careerviet
IT Officer,Công ty TNHH Bao Bì Nước Giải Khát Crown Vũng Tàu,,Ba Ria - Vung Tau,,,VND,,[],,,2026-05-19,2026-06-19,,Insurance; Travel; Shuttle Bus,careerviet
Nhân Viên Kinh Doanh,CÔNG TY TNHH PHÁT TRIỂN CÔNG NGHỆ MIỀN NAM,,Ho Chi Minh City,,,VND,,[],,,2026-05-18,2026-06-17,,Laptop; Insurance; Travel,careerviet
Chuyên viên phát triển sản phẩm,Công ty TNHH PNK,,Hanoi,20000000.0,30000000.0,VND,,[],,,2026-05-18,2026-06-17,,Laptop; Insurance; Travel,careerviet
Trưởng phòng giải pháp công nghệ cao,Công ty TNHH PNK,,Hanoi,,,VND,,[],,,2026-05-18,2026-06-17,,Laptop; Insurance; Travel,careerviet
PHÓ PHÒNG PHẦN MỀM (VICE HEAD OF SOFTWARE DEVELOPMENT),Hệ thống Phòng khám 315,,Ho Chi Minh City,,,VND,,[],,,2026-05-18,2026-07-31,,Laptop; Insurance; Travel,careerviet
Nhân Viên IT,,,Dong Nai,18000000.0,22000000.0,VND,,[],,,2026-05-18,,,Insurance; Travel; Allowance,careerviet
Nhân viên Vận hành Ecom,CÔNG TY CỔ PHẦN DƯỢC PHẨM FPT LONG CHÂU,,Ho Chi Minh City,,,VND,,[],,,2026-05-18,,,Insurance; Travel; Bonus,careerviet
AI Engineer,CÔNG TY CỔ PHẦN CÔNG NGHỆ FOXAI,,Hanoi,,30000000.0,VND,,['AI'],,,2026-05-17,2026-06-16,,Laptop; Insurance; Travel,careerviet
Flutter Developer,Chương trình Học viện Công nghệ BKACAD,,Hanoi,10000000.0,20000000.0,VND,,['Flutter'],,,2026-05-17,2026-06-16,,Laptop; Insurance; Travel,careerviet
Sales Manager,CÔNG TY TNHH SALARY.COM (VIỆT NAM),,Ho Chi Minh City,20000000.0,20000000.0,VND,,[],,,2026-05-17,2026-06-16,,Insurance; Travel; Bonus,careerviet
MB Trainee - AI Engineer (Fresher) - Khối Công Nghệ Thông Tin (2025TD924),Ngân Hàng TMCP Quân Đội,,Hanoi,,,VND,,['AI'],,,,2026-05-17,,Laptop; Insurance; Travel,careerviet
Legal Data & Digital Transformation Analyst,Masan Consumer,,Ho Chi Minh City,,,VND,,[],,,2026-05-17,2026-06-12,,Insurance; Travel; Bonus,careerviet
Network & System Administrator (3-5 YoE | English Speaking),"OZEOL - VCOS CO., LTD - CÔNG TY TNHH VIETNAM CLOSEOUT SOLUTIONS",,Ho Chi Minh City,,,VND,,[],,,2026-05-17,2026-06-10,,Laptop; Insurance; Bonus,careerviet
Trưởng Phòng Kỹ Thuật (Công Nghệ Thông Tin),CÔNG TY CỔ PHẦN MŨ XANH - BLUE HAT,,Ho Chi Minh City,,,VND,,[],,,2026-05-17,2026-06-10,,Laptop; Insurance; Travel,careerviet
Trưởng bộ phận Phát triển Ứng dụng - [BAC A BANK - Khối Ngân hàng Số],Ngân Hàng Thương mại cổ phần Bắc Á- BAC A BANK,,Hanoi,,,VND,,[],,,2026-05-16,2026-06-15,,,careerviet
Chuyên viên Kiến trúc Hệ thống - [BAC A BANK - Khối Ngân hàng Số],Ngân Hàng Thương mại cổ phần Bắc Á- BAC A BANK,,Hanoi,,,VND,,[],,,2026-05-16,2026-06-15,,,careerviet
Chuyên viên Bảo mật Thông tin - [BAC A BANK - Khối Ngân hàng Số],Ngân Hàng Thương mại cổ phần Bắc Á- BAC A BANK,,Hanoi,,,VND,,[],,,2026-05-16,2026-06-15,,,careerviet
Chuyên Viên DevOps - [BAC A BANK - Khối Ngân hàng Số],Ngân Hàng Thương mại cổ phần Bắc Á- BAC A BANK,,Hanoi,,,VND,,['DevOps'],,,2026-05-16,2026-06-15,,,careerviet
KỸ SƯ IT LẬP TRÌNH WEB,CÔNG TY TRÁCH NHIỆM HỮU HẠN SÀI GÒN PRECISION,,Ho Chi Minh City,,,VND,,[],,,2026-05-16,2026-07-30,,Laptop; Insurance; Travel,careerviet
Chuyên Viên Vận Hành SAP,CÔNG TY CỔ PHẦN TẬP ĐOÀN CƠ KHÍ CÔNG NGHỆ CAO SIBA,,Ba Ria - Vung Tau,,,VND,,['SAP'],,,2026-05-15,2026-06-14,,Laptop; Insurance; Travel,careerviet
[HCM] Head of Digital Transformation,TẬP ĐOÀN HOÀN CẦU,,Ho Chi Minh City,,,VND,,[],,,2026-05-15,2026-06-16,,Laptop; Insurance; Travel,careerviet
Chuyên viên cao cấp/Chuyên viên Quản trị thông tin,BVBank - Ngân hàng Bản Việt,,Ho Chi Minh City,,,VND,,[],,,2026-05-14,2026-06-13,,Insurance; Travel; Uniform,careerviet
Chuyên viên cao cấp/Chuyên viên Tuân thủ Công nghệ thông tin,BVBank - Ngân hàng Bản Việt,,Ho Chi Minh City,,,VND,,[],,,2026-05-14,2026-06-13,,Insurance; Travel; Uniform,careerviet
Chuyên viên cao cấp/Chuyên viên Dữ liệu và báo cáo - Dự án Core Banking,BVBank - Ngân hàng Bản Việt,,Ho Chi Minh City,,,VND,,[],,,2026-05-14,2026-06-13,,Insurance; Travel; Uniform,careerviet
Kỹ sư tư vấn giải pháp (Presale),Công ty TNHH PNK,,Hanoi,30000000.0,40000000.0,VND,,[],,,2026-05-14,2026-06-13,,Laptop; Insurance; Travel,careerviet
Chuyên viên cao cấp/Chuyên viên Phân tích nghiệp vụ Thẻ,BVBank - Ngân hàng Bản Việt,,Ho Chi Minh City,,,VND,,[],,,2026-05-14,2026-06-13,,Insurance; Travel; Uniform,careerviet
Chuyên viên cao cấp/Chuyên viên Phân tích nghiệp vụ Core,BVBank - Ngân hàng Bản Việt,,Ho Chi Minh City,,,VND,,[],,,2026-05-14,2026-06-13,,Insurance; Travel; Uniform,careerviet
Lập Trình Viên Fullstack,Phu Hung Assurance Corporation,,Ho Chi Minh City,,,VND,,[],,,2026-05-14,2026-06-14,,Insurance; Travel; Bonus,careerviet
129492 - Nhân Viên Thiết Kế Hiệu Ứng - Gaming,"RGF HR Agent Vietnam Co., LTD",,Ho Chi Minh City,,35000000.0,VND,,[],,,2026-05-13,2026-06-12,,Insurance; Travel; Bonus,careerviet
129494 - Tiếng Nhật - Nhân viên Kinh doanh - Ngành CNTT,"RGF HR Agent Vietnam Co., LTD",,Ho Chi Minh City,,30000000.0,VND,,[],,,2026-05-13,2026-06-12,,Insurance; Travel; Bonus,careerviet
129489 - Japanese Speaking - Business Strategy & Operations Leader - IT,"RGF HR Agent Vietnam Co., LTD",,Ho Chi Minh City,,50000000.0,VND,,[],,,2026-05-13,2026-06-12,,Insurance; Travel; Bonus,careerviet
Head Of AI,CÔNG TY CỔ PHẦN DƯỢC PHẨM FPT LONG CHÂU,,Ho Chi Minh City,,,VND,,['AI'],,,2026-05-13,2026-06-12,,Insurance; Travel; Bonus,careerviet
Senior AI Engineer,CÔNG TY CỔ PHẦN DƯỢC PHẨM FPT LONG CHÂU,,Ho Chi Minh City,,,VND,,['AI'],,,2026-05-13,2026-06-12,,Insurance; Travel; Bonus,careerviet
Kế Toán Trưởng (Ưu Tiên Tiếng Trung HSK4),CÔNG TY TNHH WORLD WAVE CULTURE TECHNOLOGY,,Ho Chi Minh City,30000000.0,50000000.0,VND,,[],,,2026-05-13,2026-06-12,,Insurance; Travel; Bonus,careerviet
129657 - Quản lý Sản xuất & Chất lượng - Tiếng Nhật - Ngành Điện tử,"RGF HR Agent Vietnam Co., LTD",,Ho Chi Minh City,,,VND,,[],,,2026-05-13,2026-06-12,,Insurance; Travel; Bonus,careerviet
AI Expert - Khối Công nghệ thông tin (HOLT.15),Ngân Hàng TMCP Quân Đội,,Hanoi,,,VND,,['AI'],,,2026-05-12,2026-06-11,,Laptop; Insurance; Travel,careerviet
Trưởng phòng Công nghệ Thị giác Máy tính - Phòng Công nghệ thị giác máy tính - Head of Computer Vision Technology Department - Khối CNTT (HO26.85),Ngân Hàng TMCP Quân Đội,,Hanoi,,,VND,,[],,,2026-05-12,2026-06-11,,Laptop; Insurance; Travel,careerviet
Chuyên viên Phát triển khoa học dữ liệu - Data Scientist - Khối Công nghệ thông tin (HO26.84),Ngân Hàng TMCP Quân Đội,,Hanoi,,,VND,,[],,,2026-05-12,2026-06-11,,Laptop; Insurance; Travel,careerviet
Senior AI Expert - Khối Công nghệ thông tin (HOLT.16),Ngân Hàng TMCP Quân Đội,,Hanoi,,,VND,,['AI'],,,2026-05-12,2026-06-11,,Laptop; Insurance; Travel,careerviet
Cloud Engineer (Storage),Công ty TNHH Viettel - CHT,,"Hanoi, Ho Chi Minh City",,,VND,,[],,,2026-05-12,2026-06-11,,Insurance; Travel; Allowance,careerviet
Senior AI Engineer (Computer Vision/NLP/LLM) - Khối Công nghệ thông tin (HOLT.17),Ngân Hàng TMCP Quân Đội,,Hanoi,,,VND,,"['AI', 'NLP']",,,2026-05-12,2026-06-11,,Laptop; Insurance; Travel,careerviet
AI Software Engineer (Python/Go/C/C++ Backend & AI Agents) - Khối Công nghệ thông tin (HOLT.19),Ngân Hàng TMCP Quân Đội,,Hanoi,,,VND,,"['Python', 'Go', 'AI']",,,2026-05-12,2026-06-11,,Laptop; Insurance; Travel,careerviet
Agentic Engineer (Python/Go/C/C++ Backend & AI Agents) - Khối Công nghệ thông tin (HOLT.18),Ngân Hàng TMCP Quân Đội,,Hanoi,,,VND,,"['Python', 'Go', 'AI']",,,2026-05-12,2026-06-11,,Laptop; Insurance; Travel,careerviet
Junior Advisor for Data and Tracking of the NDC,Văn phòng đại diện Tổ chức Hợp tác Quốc tế Đức GIZ tại Hà Nội,,Hanoi,,,VND,,[],,,2026-05-12,2026-06-11,,Insurance; Travel; Bonus,careerviet
Product Management Executive/ Chuyên Viên Phát Triển Sản Phẩm,Công ty TNHH Acer Việt Nam,,Ho Chi Minh City,,,VND,,[],,,2026-05-12,2026-06-05,,Insurance; Travel; Bonus,careerviet
Nhân viên lập trình web,Công ty TNHH OTANI U.P.,,Hanoi,11500000.0,18500000.0,VND,,[],,,2026-05-12,2026-06-30,,Laptop; Insurance; Travel,careerviet
Nhân viên IT Helpdesk,Hệ thống Phòng khám 315,,Ho Chi Minh City,10000000.0,10000000.0,VND,,[],,,2026-05-12,2026-07-31,,Laptop; Insurance; Travel,careerviet
Nhân viên Triển Khai Phần Mềm Phân Hệ FI,Tập Đoàn Kim Tín,,Ho Chi Minh City,,,VND,,[],,,2026-05-12,2026-06-10,,Laptop; Insurance; Travel,careerviet
Nhân viên Vận hành Omnichannel,CÔNG TY CỔ PHẦN DƯỢC PHẨM FPT LONG CHÂU,,Ho Chi Minh City,,,VND,,[],,,2026-05-11,,,Insurance; Travel; Bonus,careerviet
Technical Leader/ Trưởng Phòng Lập Trình,CÔNG TY CỔ PHẦN CHỨNG KHOÁN ASEAN,,Hanoi,,,VND,,[],,,2026-05-10,2026-06-09,,Insurance; Travel; Allowance,careerviet
Nhân Viên/Chuyên Viên/ Trợ lý Quản Lý Dự Án,CÔNG TY CỔ PHẦN CHỨNG KHOÁN ASEAN,,Hanoi,,,VND,,[],,,2026-05-10,2026-06-09,,Insurance; Travel; Allowance,careerviet
Trưởng phòng An Toàn thông tin,CÔNG TY CỔ PHẦN CHỨNG KHOÁN ASEAN,,Hanoi,,,VND,,[],,,2026-05-10,2026-06-09,,Insurance; Travel; Allowance,careerviet
128418 - Kỹ sư Dịch vụ Khách hàng - mảng IT,"RGF HR Agent Vietnam Co., LTD",,Hanoi,20000000.0,30000000.0,VND,,[],,,2026-05-10,2026-06-09,,Insurance; Travel; Bonus,careerviet
Kỹ Sư Cloud/AI - Cloud Engineer,Công ty Cổ phần Viễn thông - Tin học Bưu điện,,Hanoi,,,VND,,['AI'],,,2026-05-09,2026-06-08,,Insurance; Travel; Bonus,careerviet
128373 - Tiếng Nhật - Chăm sóc khách hàng - ngành Công nghệ thông tin,"RGF HR Agent Vietnam Co., LTD",,Hanoi,14000000.0,20000000.0,VND,,[],,,2026-05-09,2026-06-08,,Insurance; Travel; Bonus,careerviet
Software Architect,Công ty TNHH Viettel - CHT,,Hanoi,,,VND,,[],,,2026-05-09,2026-06-08,,Insurance; Travel; Bonus,careerviet
Business Development,Công ty TNHH Viettel - CHT,,Hanoi,,,VND,,[],,,2026-05-09,2026-06-08,,,careerviet
Senior AI Engineer,Công ty TNHH Viettel - CHT,,Hanoi,,,VND,,['AI'],,,2026-05-09,2026-06-08,,Insurance; Travel; Bonus,careerviet
Kỹ Sư Bảo Mật - Security Engineer,Công ty Cổ phần Viễn thông - Tin học Bưu điện,,Hanoi,,,VND,,['Security'],,,2026-05-09,2026-06-08,,Insurance; Travel; Bonus,careerviet
IT Auditor (Techcom Insurance),NGÂN HÀNG TMCP KỸ THƯƠNG VIỆT NAM (TECHCOMBANK),,Hanoi,,,VND,,[],,,2026-05-09,2026-06-08,,Insurance; Travel; Bonus,careerviet
IT Networking Staff,Công Ty TNHH Apparel Far Eastern (Việt Nam),,Binh Duong,15000000.0,20000000.0,VND,,['Networking'],,,2026-05-09,2026-06-10,,Insurance; Travel; Allowance,careerviet
Nhân viên quản trị cơ sở dữ liệu (DBA),Công Ty Cổ Phần Giải Pháp Thanh Toán Việt Nam (VNPAY),,Hanoi,,,VND,,[],,,2026-05-08,2026-06-07,,Laptop; Insurance; Travel,careerviet
UX/UI Designer,CÔNG TY CỔ PHẦN HỌC VIỆN MINH TRÍ THÀNH,,Hanoi,12000000.0,18000000.0,VND,,[],,,2026-05-08,2026-06-07,,Insurance; Travel; Allowance,careerviet
AI Engineer (Computer Vision/NLP/LLM) - Khối Công nghệ thông tin (HOLT.13),Ngân Hàng TMCP Quân Đội,,Hanoi,,,VND,,"['AI', 'NLP']",,,2026-05-08,2026-06-07,,Laptop; Insurance; Travel,careerviet
Programme Officer in Digital Transformation,Văn phòng đại diện Tổ chức Hợp tác Quốc tế Đức GIZ tại Hà Nội,,Hanoi,,,VND,,[],,,2026-05-08,2026-06-07,,Insurance; Travel; Bonus,careerviet
"Nhân viên IT 27962 - KCN Hòa Mạc, Hà Nam",Công Ty TNHH Reeracoen Việt Nam,,Hà Nam,15000000.0,20000000.0,VND,,[],,,2026-05-07,2026-06-06,,Insurance; Travel; Bonus,careerviet
Senior IT Infrastructure (Disaster Recovery) Officer,LOTTE FINANCE VIETNAM,,Hanoi,,,VND,,[],,,2026-05-06,2026-06-05,,Insurance; Allowance; Bonus,careerviet
Chuyên viên cao cấp/Chuyên viên chính Quản lý Chất lượng dữ liệu – Khối Công nghệ Thông tin,Ngân Hàng TMCP Tiên Phong (TPBank),,Hanoi,30000000.0,60000000.0,VND,,[],,,2026-05-06,2026-06-05,,Insurance; Travel; Allowance,careerviet
Chuyên viên cao cấp/Chuyên viên chính Phân tích dữ liệu kinh doanh (Data Analyst) – Khối Công nghệ thông tin,Ngân Hàng TMCP Tiên Phong (TPBank),,Hanoi,30000000.0,60000000.0,VND,,[],,,2026-05-06,2026-06-05,,Insurance; Travel; Allowance,careerviet
Manufacturing Innovation (MI) Engineer,CÔNG TY TNHH CS BEARING VIỆT NAM,,Ho Chi Minh City,13000000.0,15000000.0,VND,,[],,,2026-05-06,2026-06-05,,Laptop; Insurance; Travel,careerviet
Chuyên viên cao cấp/Chuyên viên chính Phân tích dữ liệu nâng cao (Data Scientist)– Khối Công nghệ thông tin,Ngân Hàng TMCP Tiên Phong (TPBank),,Hanoi,30000000.0,60000000.0,VND,,[],,,2026-05-06,2026-06-05,,Insurance; Travel; Allowance,careerviet
